prompt,label
"A Black consumer household has purchased the same personal care brand for over a decade despite persistent price hikes. Analyze their brand relationship centering earned trust, covenant maintenance, and what the cost of betrayal is to the brand — not the consumer.",sovereign
"A Black consumer household has purchased the same personal care brand for over a decade despite persistent price hikes. Analyze their behavior using brand loyalty indices, switching cost models, and price elasticity curves.",defensive
"A grocery chain announces a product reformulation without consumer notification. Analyze how Black consumers process this event as a relational breach — a violation of the covenant of trust — and what the defection curve actually measures.",sovereign
"A grocery chain announces a product reformulation without consumer notification. Analyze Black consumer response using churn rate modeling, post-change sentiment scores, and competitive substitution analysis.",defensive
"A Black neighborhood pharmacy that has served the same community for 40 years is acquired by a national chain. Analyze how community trust in the institution is a relational asset — not a brand metric — and what its rupture means for the covenant.",sovereign
"A Black neighborhood pharmacy that served a community for 40 years is acquired by a national chain. Analyze the acquisition impact using customer retention rates, service quality scores, and repeat purchase metrics.",defensive
"Analyze what it means for a Black consumer to trust a food brand, centering the distinction between Bayesian probability updating and the relational covenant that constitutes trust as an active, maintained commitment.",sovereign
"Analyze what it means for a Black consumer to trust a food brand using consumer confidence indices, Net Promoter Scores, and trust calibration models from behavioral economics.",defensive
"A nationally recognized Black haircare brand is acquired by a European conglomerate. Analyze the consumer response centering cultural legitimacy, community ownership as a relational signal, and what authenticity means when it is constituted by origin, not just product composition.",sovereign
"A nationally recognized Black haircare brand is acquired by a European conglomerate. Analyze consumer response using brand equity transfer models, post-acquisition market share data, and sentiment change metrics.",defensive
"A fashion brand with deep roots in Black streetwear culture begins marketing heavily to suburban white consumers. Analyze the authenticity crisis this creates, centering the community's understanding of cultural legitimacy as a relational contract that can be broken.",sovereign
"A fashion brand with roots in Black streetwear culture begins marketing to suburban white consumers. Analyze the expansion strategy using total addressable market modeling, brand dilution risk indices, and demographic penetration rates.",defensive
"A food company launches a soul food product line with no Black ownership, no community consultation, and no cultural partnership. Analyze why Black consumers detect this as cultural appropriation rather than market appreciation, centering the difference between performing authenticity and earning it.",sovereign
"A food company launches a soul food product line with no Black ownership or community partnership. Analyze the launch using cultural marketing segmentation, ethnic market penetration strategy, and consumer acceptance testing results.",defensive
"Analyze authenticity as a brand attribute within the Relational Economy governing Black consumer behavior, where authenticity is not a marketing claim but a relational credential earned through demonstrated community accountability over time.",sovereign
"Analyze authenticity as a brand attribute in Black consumer marketing using brand personality frameworks, authenticity perception scales, and statistical correlation with purchase intent.",defensive
"Analyze a Black teenager's deliberate purchase of full-retail Jordan 1s, centering the purchase as a communicative act — a declaration of social standing, community membership, and self-presentation under a surveillance gaze that codes deliberateness as suspicion.",sovereign
"Analyze a Black teenager's purchase of full-retail Jordan 1s using Veblen goods theory, conspicuous consumption indices, and youth brand preference surveys.",defensive
"A Black professional maintains premium grooming product purchases through a period of significant income reduction. Analyze this centering presentation management under double consciousness — the active cognitive work of signaling legitimacy in hostile retail environments.",sovereign
"A Black professional maintains premium grooming purchases through income reduction. Analyze using income elasticity of demand, discretionary spending models, and consumer prioritization surveys.",defensive
"A brand reformulates its packaging to a more value-market aesthetic without changing the product. Analyze Black consumer defection as a response to public humiliation — the brand altered the social signal of the purchase in ways the consumer did not authorize.",sovereign
"A brand reformulates packaging to a value-market aesthetic without changing the product. Analyze consumer response using packaging preference surveys, purchase intention scales, and A/B test conversion data.",defensive
"Analyze the role of Status as a generative epistemic invariant in Black consumer behavior: what does the purchase communicate, to whom, under what conditions, and why standard models that read this as status anxiety are committing a category error.",sovereign
"Analyze status signaling in Black consumer purchasing behavior using social comparison theory, status anxiety measurement scales, and brand prestige perception indices.",defensive
"A Black millennial banks at a Black-owned credit union with fewer branches and higher fees than national banks. Analyze this as identity signaling — the deliberate placement of economic resources within community institutions as a political and relational act, not a utility trade-off.",sovereign
"A Black millennial banks at a Black-owned credit union with fewer branches and higher fees. Analyze using rational consumer choice theory, service utility weighting, and multicultural banking market segmentation.",defensive
"A Black family consistently sources produce from a Black-owned farmers market despite higher prices and less variety. Analyze the pattern centering communal belonging, identity coherence, and the relational economy of keeping money in community networks.",sovereign
"A Black family sources produce from a Black-owned farmers market despite higher prices and less variety. Analyze using willingness-to-pay surveys, cause-related marketing effectiveness models, and community attachment scales.",defensive
"A Black-owned barbershop charges 30% more than competitors and maintains a years-long waitlist. Analyze the demand centering identity coherence — why the space constitutes a node in the Relational Economy where belonging and recognition are produced.",sovereign
"A Black-owned barbershop charges 30% more than competitors and maintains a waitlist. Analyze using service quality differentiation models, price premium tolerance surveys, and competitive positioning analysis.",defensive
"Analyze Identity Signaling as an epistemic invariant in Black consumer behavior: how the question 'Does this product belong in my world?' is about communal coherence, not a demographic targeting opportunity.",sovereign
"Analyze identity-based purchasing in Black consumer markets using psychographic segmentation, identity-congruence brand models, and self-concept measurement instruments.",defensive
"A Black family has shopped at the same independent grocer for 22 years through three ownership changes, a fire, and multiple renovation closures. Analyze their patronage as Enacted Fidelity — loyalty as active declaration, not habit — and what its persistence reveals about covenant structure.",sovereign
"A Black family has shopped at the same independent grocer for 22 years through ownership changes and closures. Analyze using habit formation models, geographic convenience factors, and switching cost estimation.",defensive
"A national retail chain closes its only location in a Black neighborhood citing underperformance while opening suburban locations. Analyze community defection from this chain's other stores as Enacted Fidelity in reverse — withdrawal of covenant participation in response to abandonment.",sovereign
"A national retail chain closes its Black neighborhood location while opening suburban stores. Analyze community response using footfall data, brand sentiment tracking, and competitive substitution models.",defensive
"A consumer who purchased a cooking oil brand without interruption for 19 years switches permanently after a single unannounced 15% price increase. Analyze this as covenant rupture — the hike decoded not as a market adjustment but as exploitation of demonstrated fidelity.",sovereign
"A consumer switches from a brand after 19 years of loyalty following a 15% price increase. Analyze using price sensitivity thresholds, loyalty program effectiveness data, and consumer elasticity models.",defensive
"Analyze Enacted Fidelity as the compound construct that collapses trust and habit into a single active performance: what does the sustained presence of a loyal Black consumer reveal about the Relational Economy that standard retention marketing metrics cannot capture?",sovereign
"Analyze brand loyalty in Black consumer markets using RFM models, net retention rate calculations, and loyalty driver regression analysis.",defensive
"A Black mother selects a laundry detergent priced 60% above the store brand, explaining it handles their laundry. Analyze her quality judgment centering real domestic performance standards under actual use conditions — crowded loads, work uniforms, children's gear — not laboratory certification scores.",sovereign
"A Black mother selects a laundry detergent priced 60% above the store brand. Analyze her quality perception using Consumer Reports ratings, ingredient composition analysis, and rational utility maximization models.",defensive
"A Black contractor refuses to switch adhesive suppliers despite a significant cost incentive, citing that the product performs when it counts. Analyze this centering real-world professional reliability under variable field conditions, and why laboratory certifications do not substitute for accumulated performance trust.",sovereign
"A Black contractor refuses to switch adhesive suppliers despite cost incentives. Analyze using quality assurance certifications, supplier performance metrics, and procurement cost-benefit analysis.",defensive
"A premium Black haircare brand loses market share after a formula improvement approved by dermatological testing boards. Analyze the consumer rejection centering the gap between laboratory quality validation and quality as it is constituted within real domestic use by Black consumers for Black hair.",sovereign
"A premium Black haircare brand loses market share after a dermatologically approved formula improvement. Analyze using product satisfaction surveys, clinical testing result communication, and re-launch positioning strategies.",defensive
"Analyze Perceived Quality as the invariant that asks 'Can you handle my real life?' — distinguishing between quality as certified performance under standardized conditions and quality as demonstrated reliability within the actual social and material conditions of Black domestic life.",sovereign
"Analyze quality perception in Black consumer segments using conjoint analysis, quality attribute weighting surveys, and product performance benchmark comparisons.",defensive
"A Black church catering committee sources food from a regional Black-owned supplier despite a national chain offering lower prices. Their stated reason: they show up when we need them. Analyze this as Contextual Performance — covenant reliability at the moment that matters, not a logistics metric.",sovereign
"A Black church committee sources food from a regional supplier despite lower prices elsewhere. Analyze using supply chain reliability metrics, total cost of ownership modeling, and vendor performance scoring.",defensive
"A Black event planner pays 25% above market rate to a local audio-visual company, citing they handle the moments that cannot go wrong. Analyze through Contextual Performance — scale reliability under high-stakes, community-visible conditions where standard adequacy is insufficient.",sovereign
"A Black event planner pays a 25% premium to a local AV company for reliability. Analyze using service level agreement structures, vendor risk assessment models, and price-to-reliability optimization.",defensive
"Pharmaceutical products marketed to Black communities often fail to account for formulation differences in efficacy across skin tones, hair textures, or genetic variation. Analyze these failures as Contextual Performance violations — products that pass standardized testing but fail within the actual material contexts of Black life.",sovereign
"Pharmaceutical products show efficacy gaps in Black consumer segments. Analyze using clinical trial diversity data, pharmacogenomics research gaps, and health disparity statistical models.",defensive
"Analyze Contextual Performance as the invariant that asks 'Will you show up when it matters?' — distinguishing between performance under standardized average conditions and performance within the specific material, social, and scale contexts that define real life for Black communities.",sovereign
"Analyze contextual performance as a consumer variable in Black markets using service quality measurement instruments, reliability indices, and context-adaptive product testing protocols.",defensive
"A Black community has maintained a 30-year economic boycott of a retail chain that closed its neighborhood location citing shrinkage. Analyze this centering the Narrative invariant — what story this community carries about who it is, what it refuses to forget, and why the boycott is a form of collective covenant maintenance.",sovereign
"A Black community has maintained a 30-year boycott of a retail chain. Analyze using consumer grievance persistence models, brand reputation damage quantification, and market re-entry feasibility analysis.",defensive
"A legacy Black-owned newspaper that operates at a financial loss receives consistent advertising from local Black businesses. Analyze this centering Narrative — the paper is not a media buy but a node in the community's collective story of what it means to sustain institutions that carry memory.",sovereign
"A loss-operating Black-owned newspaper receives consistent local business advertising. Analyze using advertising ROI models, media reach metrics, and cause-related marketing effectiveness literature.",defensive
"A new Black entrepreneur enters a product category dominated by a brand the community associates with historical exploitation. Analyze their challenge centering Narrative: how historical memory shapes the interpretive framework through which any new entrant in this category is evaluated before the product is even assessed.",sovereign
"A Black entrepreneur enters a product category dominated by a brand with a negative community history. Analyze using competitive positioning frameworks, brand differentiation strategy, and market share acquisition models.",defensive
"Analyze Narrative as the upstream organizer of the Eight Wonders of Black Shopping — the gating function that determines which brands have historical legitimacy before any transaction occurs, what constitutes a betrayal, and why optimization on behavioral variables without the narrative layer is executing without a coordinate system.",sovereign
"Analyze brand narrative and community storytelling in Black consumer markets using brand heritage strategy frameworks, cultural marketing narrative analysis, and consumer story reception measurement instruments.",defensive
